",""a"",""unlist.b."",""unlist.c."",""unlist.d."",""Freq"",""anio"",""codigo"""
"1,""alto hospicio"",""sí"",""colombia"",""hombre"",190,""2015"",1107"
"2,""alto hospicio"",""no"",""colombia"",""mujer"",108,""2015"",1107"
"3,""alto hospicio"",""sí"",""colombia"",""mujer"",132,""2015"",1107"
"4,""alto hospicio"",""sí"",""ecuador"",""hombre"",147,""2015"",1107"
"5,""alto hospicio"",""sí"",""ecuador"",""mujer"",174,""2015"",1107"
"6,""alto hospicio"",""no"",""ecuador"",""mujer"",111,""2015"",1107"
"7,""alto hospicio"",""no"",""perú"",""mujer"",324,""2015"",1107"
"8,""alto hospicio"",""sí"",""bolivia"",""hombre"",866,""2015"",1107"
"9,""alto hospicio"",""sí"",""perú"",""mujer"",566,""2015"",1107"
"10,""alto hospicio"",""no"",""perú"",""hombre"",317,""2015"",1107"
"11,""alto hospicio"",""no"",""bolivia"",""mujer"",694,""2015"",1107"
"12,""alto hospicio"",""no"",""colombia"",""hombre"",21,""2015"",1107"
"13,""alto hospicio"",""sí"",""paraguay"",""hombre"",48,""2015"",1107"
"14,""alto hospicio"",""sí"",""bolivia"",""mujer"",940,""2015"",1107"
"15,""alto hospicio"",""no"",""bolivia"",""hombre"",151,""2015"",1107"
"16,""alto hospicio"",""sí"",""perú"",""hombre"",419,""2015"",1107"
"17,""alto hospicio"",""no"",""paraguay"",""mujer"",31,""2015"",1107"
"18,""alto hospicio"",""sí"",""argentina"",""hombre"",22,""2015"",1107"
"19,""ancud"",""sí"",""colombia"",""mujer"",53,""2015"",10202"
"20,""ancud"",""no"",""colombia"",""hombre"",53,""2015"",10202"
"21,""ancud"",""sí"",""colombia"",""hombre"",53,""2015"",10202"
"22,""angol"",""sí"",""haití"",""hombre"",22,""2015"",9201"
"23,""angol"",""no"",""república dominicana"",""mujer"",22,""2015"",9201"
"24,""antofagasta"",""no"",""perú"",""mujer"",357,""2015"",2101"
"25,""antofagasta"",""sí"",""uruguay"",""mujer"",114,""2015"",2101"
"26,""antofagasta"",""sí"",""argentina"",""mujer"",426,""2015"",2101"
"27,""antofagasta"",""sí"",""cuba"",""mujer"",107,""2015"",2101"
"28,""antofagasta"",""sí"",""bolivia"",""mujer"",825,""2015"",2101"
"29,""antofagasta"",""sí"",""perú"",""mujer"",1741,""2015"",2101"
"30,""antofagasta"",""no"",""perú"",""hombre"",276,""2015"",2101"
"31,""antofagasta"",""sí"",""no contesta"",""mujer"",102,""2015"",2101"
"32,""antofagasta"",""sí"",""perú"",""hombre"",1000,""2015"",2101"
"33,""antofagasta"",""sí"",""españa"",""hombre"",222,""2015"",2101"
"34,""antofagasta"",""sí"",""cuba"",""hombre"",107,""2015"",2101"
"35,""antofagasta"",""sí"",""colombia"",""hombre"",820,""2015"",2101"
"36,""antofagasta"",""sí"",""argentina"",""hombre"",96,""2015"",2101"
"37,""antofagasta"",""no"",""paraguay"",""mujer"",375,""2015"",2101"
"38,""antofagasta"",""no"",""bolivia"",""mujer"",364,""2015"",2101"
"39,""antofagasta"",""no"",""bolivia"",""hombre"",316,""2015"",2101"
"40,""antofagasta"",""sí"",""ecuador"",""hombre"",293,""2015"",2101"
"41,""antofagasta"",""no"",""colombia"",""mujer"",664,""2015"",2101"
"42,""antofagasta"",""no"",""cuba"",""mujer"",107,""2015"",2101"
"43,""antofagasta"",""no"",""argentina"",""mujer"",155,""2015"",2101"
"44,""antofagasta"",""sí"",""ecuador"",""mujer"",293,""2015"",2101"
"45,""antofagasta"",""sí"",""bolivia"",""hombre"",384,""2015"",2101"
"46,""antofagasta"",""sí"",""colombia"",""mujer"",1557,""2015"",2101"
"47,""antofagasta"",""no"",""uruguay"",""mujer"",126,""2015"",2101"
"48,""antofagasta"",""no"",""colombia"",""hombre"",40,""2015"",2101"
"49,""arauco"",""no"",""italia"",""mujer"",58,""2015"",8202"
"50,""arica"",""sí"",""bolivia"",""hombre"",600,""2015"",15101"
"51,""arica"",""no"",""argentina"",""mujer"",82,""2015"",15101"
"52,""arica"",""sí"",""argentina"",""hombre"",32,""2015"",15101"
"53,""arica"",""no"",""bolivia"",""mujer"",689,""2015"",15101"
"54,""arica"",""no"",""perú"",""mujer"",786,""2015"",15101"
"55,""arica"",""sí"",""perú"",""mujer"",486,""2015"",15101"
"56,""arica"",""sí"",""estados unidos"",""hombre"",32,""2015"",15101"
"57,""arica"",""no"",""bolivia"",""hombre"",89,""2015"",15101"
"58,""arica"",""sí"",""bolivia"",""mujer"",594,""2015"",15101"
"59,""arica"",""sí"",""perú"",""hombre"",685,""2015"",15101"
"60,""arica"",""no"",""venezuela"",""mujer"",77,""2015"",15101"
"61,""arica"",""sí"",""colombia"",""hombre"",136,""2015"",15101"
"62,""arica"",""no"",""perú"",""hombre"",257,""2015"",15101"
"63,""arica"",""sí"",""brasil"",""hombre"",32,""2015"",15101"
"64,""arica"",""no"",""colombia"",""hombre"",104,""2015"",15101"
"65,""arica"",""no"",""colombia"",""mujer"",41,""2015"",15101"
"66,""arica"",""sí"",""colombia"",""mujer"",63,""2015"",15101"
"67,""aysén"",""no"",""estados unidos"",""mujer"",23,""2015"",11201"
"68,""aysén"",""sí"",""ecuador"",""mujer"",27,""2015"",11201"
"69,""aysén"",""no"",""argentina"",""mujer"",27,""2015"",11201"
"70,""aysén"",""sí"",""colombia"",""mujer"",29,""2015"",11201"
"71,""aysén"",""sí"",""argentina"",""mujer"",14,""2015"",11201"
"72,""calama"",""no"",""bolivia"",""hombre"",1124,""2015"",2201"
"73,""calama"",""no"",""colombia"",""mujer"",112,""2015"",2201"
"74,""calama"",""sí"",""perú"",""mujer"",339,""2015"",2201"
"75,""calama"",""no"",""perú"",""hombre"",85,""2015"",2201"
"76,""calama"",""no"",""perú"",""mujer"",287,""2015"",2201"
"77,""calama"",""sí"",""ecuador"",""mujer"",164,""2015"",2201"
"78,""calama"",""sí"",""república dominicana"",""mujer"",125,""2015"",2201"
"79,""calama"",""no"",""méxico"",""mujer"",99,""2015"",2201"
"80,""calama"",""no"",""bolivia"",""mujer"",1963,""2015"",2201"
"81,""calama"",""sí"",""bolivia"",""hombre"",1711,""2015"",2201"
"82,""calama"",""sí"",""perú"",""hombre"",431,""2015"",2201"
"83,""calama"",""sí"",""españa"",""hombre"",99,""2015"",2201"
"84,""calama"",""sí"",""colombia"",""mujer"",248,""2015"",2201"
"85,""calama"",""sí"",""colombia"",""hombre"",588,""2015"",2201"
"86,""calama"",""sí"",""bolivia"",""mujer"",2742,""2015"",2201"
"87,""calama"",""no"",""argentina"",""mujer"",65,""2015"",2201"
"88,""calama"",""no"",""rusia"",""mujer"",119,""2015"",2201"
"89,""calama"",""no"",""ecuador"",""hombre"",82,""2015"",2201"
"90,""calama"",""no"",""colombia"",""hombre"",136,""2015"",2201"
"91,""calbuco"",""sí"",""no contesta"",""mujer"",166,""2015"",10102"
"92,""calera"",""sí"",""uruguay"",""hombre"",22,""2015"",5502"
"93,""calera"",""sí"",""argentina"",""mujer"",147,""2015"",5502"
"94,""cañete"",""sí"",""ecuador"",""hombre"",30,""2015"",8203"
"95,""cañete"",""sí"",""ecuador"",""mujer"",48,""2015"",8203"
"96,""cañete"",""no"",""ecuador"",""mujer"",14,""2015"",8203"
"97,""carahue"",""no"",""argentina"",""hombre"",31,""2015"",9102"
"98,""castro"",""no"",""colombia"",""mujer"",13,""2015"",10201"
"99,""castro"",""no"",""bolivia"",""mujer"",22,""2015"",10201"
"100,""castro"",""no"",""argentina"",""hombre"",37,""2015"",10201"
"101,""castro"",""sí"",""argentina"",""hombre"",31,""2015"",10201"
"102,""castro"",""sí"",""españa"",""mujer"",18,""2015"",10201"
"103,""castro"",""sí"",""españa"",""hombre"",18,""2015"",10201"
"104,""castro"",""sí"",""guatemala"",""mujer"",31,""2015"",10201"
"105,""castro"",""no"",""colombia"",""hombre"",13,""2015"",10201"
"106,""castro"",""sí"",""colombia"",""mujer"",49,""2015"",10201"
"107,""castro"",""sí"",""argentina"",""mujer"",43,""2015"",10201"
"108,""castro"",""sí"",""francia"",""mujer"",18,""2015"",10201"
"109,""castro"",""sí"",""uruguay"",""hombre"",20,""2015"",10201"
"110,""castro"",""no"",""polonia"",""mujer"",13,""2015"",10201"
"111,""castro"",""sí"",""colombia"",""hombre"",26,""2015"",10201"
"112,""cerro navia"",""no"",""perú"",""mujer"",141,""2015"",13103"
"113,""cerro navia"",""sí"",""perú"",""mujer"",96,""2015"",13103"
"114,""cerro navia"",""no"",""paraguay"",""hombre"",141,""2015"",13103"
"115,""cerro navia"",""sí"",""paraguay"",""mujer"",423,""2015"",13103"
"116,""cerro navia"",""no"",""paraguay"",""mujer"",141,""2015"",13103"
"117,""cerro navia"",""sí"",""paraguay"",""hombre"",564,""2015"",13103"
"118,""chañaral"",""sí"",""colombia"",""hombre"",6,""2015"",3201"
"119,""chañaral"",""no"",""bolivia"",""mujer"",8,""2015"",3201"
"120,""chañaral"",""no"",""colombia"",""mujer"",6,""2015"",3201"
"121,""chañaral"",""sí"",""perú"",""hombre"",7,""2015"",3201"
"122,""chiguayante"",""sí"",""venezuela"",""mujer"",102,""2015"",8103"
"123,""chiguayante"",""no"",""canadá"",""mujer"",46,""2015"",8103"
"124,""chiguayante"",""no"",""canadá"",""hombre"",46,""2015"",8103"
"125,""chile chico"",""no"",""venezuela"",""mujer"",26,""2015"",11401"
"126,""chile chico"",""sí"",""venezuela"",""hombre"",26,""2015"",11401"
"127,""chile chico"",""no"",""argentina"",""hombre"",20,""2015"",11401"
"128,""chillán"",""sí"",""argentina"",""hombre"",75,""2015"",16101"
"129,""chillán viejo"",""no"",""perú"",""mujer"",16,""2015"",16103"
"130,""chimbarongo"",""sí"",""brasil"",""hombre"",27,""2015"",6303"
"131,""chimbarongo"",""no"",""argentina"",""mujer"",27,""2015"",6303"
"132,""chimbarongo"",""sí"",""argentina"",""hombre"",54,""2015"",6303"
"133,""colbún"",""no"",""estados unidos"",""mujer"",9,""2015"",7402"
"134,""colbún"",""sí"",""argentina"",""mujer"",9,""2015"",7402"
"135,""colina"",""no"",""república dominicana"",""hombre"",108,""2015"",13301"
"136,""colina"",""no"",""bolivia"",""mujer"",123,""2015"",13301"
"137,""colina"",""sí"",""república dominicana"",""hombre"",192,""2015"",13301"
"138,""colina"",""sí"",""argentina"",""hombre"",88,""2015"",13301"
"139,""colina"",""no"",""argentina"",""hombre"",199,""2015"",13301"
"140,""colina"",""sí"",""ecuador"",""hombre"",167,""2015"",13301"
"141,""colina"",""sí"",""república dominicana"",""mujer"",192,""2015"",13301"
"142,""colina"",""no"",""república dominicana"",""mujer"",192,""2015"",13301"
"143,""colina"",""sí"",""bolivia"",""hombre"",349,""2015"",13301"
"144,""colina"",""no"",""argentina"",""mujer"",199,""2015"",13301"
"145,""colina"",""sí"",""argentina"",""mujer"",332,""2015"",13301"
"146,""colina"",""sí"",""perú"",""mujer"",191,""2015"",13301"
"147,""colina"",""sí"",""perú"",""hombre"",365,""2015"",13301"
"148,""colina"",""sí"",""ecuador"",""mujer"",167,""2015"",13301"
"149,""colina"",""no"",""perú"",""mujer"",83,""2015"",13301"
"150,""colina"",""sí"",""bolivia"",""mujer"",108,""2015"",13301"
"151,""concepción"",""sí"",""cuba"",""hombre"",60,""2015"",8101"
"152,""concepción"",""no"",""perú"",""mujer"",77,""2015"",8101"
"153,""concepción"",""no"",""costa rica"",""mujer"",46,""2015"",8101"
"154,""concepción"",""sí"",""ecuador"",""mujer"",103,""2015"",8101"
"155,""concepción"",""sí"",""perú"",""mujer"",18,""2015"",8101"
"156,""concepción"",""sí"",""españa"",""hombre"",48,""2015"",8101"
"157,""concepción"",""sí"",""perú"",""hombre"",172,""2015"",8101"
"158,""concepción"",""no"",""canadá"",""mujer"",168,""2015"",8101"
"159,""conchalí"",""no"",""ecuador"",""mujer"",34,""2015"",13104"
"160,""conchalí"",""sí"",""venezuela"",""mujer"",17,""2015"",13104"
"161,""conchalí"",""no"",""méxico"",""mujer"",24,""2015"",13104"
"162,""conchalí"",""sí"",""perú"",""mujer"",529,""2015"",13104"
"163,""conchalí"",""sí"",""uruguay"",""hombre"",11,""2015"",13104"
"164,""conchalí"",""no"",""guatemala"",""mujer"",10,""2015"",13104"
"165,""conchalí"",""no"",""bolivia"",""mujer"",20,""2015"",13104"
"166,""conchalí"",""no"",""estados unidos"",""hombre"",50,""2015"",13104"
"167,""conchalí"",""no"",""bolivia"",""hombre"",40,""2015"",13104"
"168,""conchalí"",""sí"",""españa"",""hombre"",45,""2015"",13104"
"169,""conchalí"",""no"",""colombia"",""mujer"",59,""2015"",13104"
"170,""conchalí"",""no"",""haití"",""hombre"",12,""2015"",13104"
"171,""conchalí"",""no"",""argentina"",""hombre"",66,""2015"",13104"
"172,""conchalí"",""sí"",""ecuador"",""mujer"",53,""2015"",13104"
"173,""conchalí"",""sí"",""perú"",""hombre"",982,""2015"",13104"
"174,""conchalí"",""no"",""ecuador"",""hombre"",57,""2015"",13104"
"175,""conchalí"",""no"",""uruguay"",""hombre"",24,""2015"",13104"
"176,""conchalí"",""no"",""colombia"",""hombre"",61,""2015"",13104"
"177,""conchalí"",""sí"",""cuba"",""hombre"",28,""2015"",13104"
"178,""conchalí"",""sí"",""colombia"",""mujer"",126,""2015"",13104"
"179,""conchalí"",""sí"",""brasil"",""hombre"",17,""2015"",13104"
"180,""conchalí"",""sí"",""bolivia"",""mujer"",30,""2015"",13104"
"181,""conchalí"",""sí"",""república dominicana"",""mujer"",14,""2015"",13104"
"182,""conchalí"",""no"",""perú"",""mujer"",475,""2015"",13104"
"183,""conchalí"",""sí"",""ecuador"",""hombre"",47,""2015"",13104"
"184,""conchalí"",""no"",""perú"",""hombre"",111,""2015"",13104"
"185,""conchalí"",""sí"",""argentina"",""hombre"",23,""2015"",13104"
"186,""concón"",""sí"",""españa"",""hombre"",46,""2015"",5103"
"187,""concón"",""no"",""españa"",""hombre"",46,""2015"",5103"
"188,""concón"",""sí"",""bélgica"",""mujer"",32,""2015"",5103"
"189,""concón"",""no"",""perú"",""hombre"",76,""2015"",5103"
"190,""concón"",""sí"",""portugal"",""mujer"",49,""2015"",5103"
"191,""concón"",""no"",""venezuela"",""mujer"",70,""2015"",5103"
"192,""concón"",""no"",""brasil"",""mujer"",144,""2015"",5103"
"193,""concón"",""sí"",""estados unidos"",""hombre"",31,""2015"",5103"
"194,""concón"",""no"",""perú"",""mujer"",152,""2015"",5103"
"195,""concón"",""sí"",""república dominicana"",""mujer"",85,""2015"",5103"
"196,""concón"",""no"",""españa"",""mujer"",46,""2015"",5103"
"197,""concón"",""no"",""bélgica"",""hombre"",64,""2015"",5103"
"198,""concón"",""no"",""bélgica"",""mujer"",32,""2015"",5103"
"199,""concón"",""sí"",""perú"",""mujer"",116,""2015"",5103"
"200,""concón"",""no"",""canadá"",""hombre"",33,""2015"",5103"
"201,""concón"",""sí"",""perú"",""hombre"",296,""2015"",5103"
"202,""concón"",""no"",""suecia"",""hombre"",39,""2015"",5103"
"203,""copiapó"",""no"",""brasil"",""hombre"",32,""2015"",3101"
"204,""copiapó"",""no"",""ecuador"",""hombre"",16,""2015"",3101"
"205,""copiapó"",""sí"",""colombia"",""hombre"",405,""2015"",3101"
"206,""copiapó"",""sí"",""colombia"",""mujer"",632,""2015"",3101"
"207,""copiapó"",""no"",""italia"",""mujer"",3,""2015"",3101"
"208,""copiapó"",""sí"",""brasil"",""hombre"",39,""2015"",3101"
"209,""copiapó"",""sí"",""paraguay"",""mujer"",20,""2015"",3101"
"210,""copiapó"",""no"",""perú"",""mujer"",162,""2015"",3101"
"211,""copiapó"",""sí"",""china"",""mujer"",21,""2015"",3101"
"212,""copiapó"",""sí"",""francia"",""mujer"",22,""2015"",3101"
"213,""copiapó"",""sí"",""china"",""hombre"",130,""2015"",3101"
"214,""copiapó"",""sí"",""perú"",""mujer"",111,""2015"",3101"
"215,""copiapó"",""sí"",""brasil"",""mujer"",64,""2015"",3101"
"216,""copiapó"",""sí"",""españa"",""mujer"",10,""2015"",3101"
"217,""copiapó"",""sí"",""bolivia"",""hombre"",58,""2015"",3101"
"218,""copiapó"",""no"",""bolivia"",""mujer"",58,""2015"",3101"
"219,""copiapó"",""sí"",""perú"",""hombre"",107,""2015"",3101"
"220,""copiapó"",""sí"",""ecuador"",""mujer"",79,""2015"",3101"
"221,""copiapó"",""no"",""colombia"",""hombre"",66,""2015"",3101"
"222,""copiapó"",""sí"",""argentina"",""hombre"",40,""2015"",3101"
"223,""copiapó"",""no"",""colombia"",""mujer"",172,""2015"",3101"
"224,""copiapó"",""no"",""paraguay"",""mujer"",10,""2015"",3101"
"225,""copiapó"",""no"",""argentina"",""mujer"",40,""2015"",3101"
"226,""copiapó"",""sí"",""ecuador"",""hombre"",46,""2015"",3101"
"227,""copiapó"",""sí"",""bélgica"",""hombre"",10,""2015"",3101"
"228,""copiapó"",""sí"",""cuba"",""mujer"",18,""2015"",3101"
"229,""copiapó"",""no"",""bolivia"",""hombre"",20,""2015"",3101"
"230,""copiapó"",""sí"",""canadá"",""hombre"",12,""2015"",3101"
"231,""copiapó"",""sí"",""bolivia"",""mujer"",249,""2015"",3101"
"232,""copiapó"",""no"",""brasil"",""mujer"",75,""2015"",3101"
"233,""copiapó"",""no"",""ecuador"",""mujer"",66,""2015"",3101"
"234,""copiapó"",""no"",""canadá"",""hombre"",27,""2015"",3101"
"235,""coquimbo"",""sí"",""uruguay"",""hombre"",328,""2015"",4102"
"236,""coquimbo"",""no"",""colombia"",""hombre"",88,""2015"",4102"
"237,""coquimbo"",""sí"",""perú"",""hombre"",192,""2015"",4102"
"238,""coquimbo"",""no"",""argentina"",""hombre"",71,""2015"",4102"
"239,""coquimbo"",""sí"",""perú"",""mujer"",83,""2015"",4102"
"240,""coquimbo"",""no"",""colombia"",""mujer"",226,""2015"",4102"
"241,""coquimbo"",""sí"",""colombia"",""mujer"",171,""2015"",4102"
"242,""coquimbo"",""sí"",""brasil"",""mujer"",79,""2015"",4102"
"243,""coquimbo"",""no"",""ecuador"",""mujer"",371,""2015"",4102"
"244,""coquimbo"",""no"",""españa"",""mujer"",85,""2015"",4102"
"245,""coquimbo"",""sí"",""argentina"",""mujer"",126,""2015"",4102"
"246,""coquimbo"",""no"",""argentina"",""mujer"",71,""2015"",4102"
"247,""coquimbo"",""no"",""perú"",""mujer"",88,""2015"",4102"
"248,""coquimbo"",""sí"",""ecuador"",""hombre"",319,""2015"",4102"
"249,""coquimbo"",""sí"",""colombia"",""hombre"",88,""2015"",4102"
"250,""coquimbo"",""no"",""serbia"",""hombre"",121,""2015"",4102"
"251,""coquimbo"",""sí"",""ecuador"",""mujer"",73,""2015"",4102"
"252,""coquimbo"",""no"",""bolivia"",""mujer"",105,""2015"",4102"
"253,""coyhaique"",""no"",""argentina"",""hombre"",20,""2015"",11101"
"254,""coyhaique"",""no"",""colombia"",""mujer"",60,""2015"",11101"
"255,""coyhaique"",""no"",""venezuela"",""mujer"",88,""2015"",11101"
"256,""coyhaique"",""sí"",""colombia"",""mujer"",185,""2015"",11101"
"257,""coyhaique"",""sí"",""colombia"",""hombre"",89,""2015"",11101"
"258,""coyhaique"",""no"",""colombia"",""hombre"",50,""2015"",11101"
"259,""coyhaique"",""sí"",""venezuela"",""hombre"",44,""2015"",11101"
"260,""coyhaique"",""no"",""perú"",""mujer"",40,""2015"",11101"
"261,""coyhaique"",""sí"",""argentina"",""hombre"",45,""2015"",11101"
"262,""coyhaique"",""no"",""argentina"",""mujer"",37,""2015"",11101"
"263,""coyhaique"",""sí"",""perú"",""hombre"",40,""2015"",11101"
"264,""cunco"",""no"",""no contesta"",""mujer"",20,""2015"",9103"
"265,""cunco"",""sí"",""no contesta"",""hombre"",40,""2015"",9103"
"266,""curacautín"",""sí"",""españa"",""mujer"",34,""2015"",9203"
"267,""curicó"",""sí"",""ecuador"",""hombre"",54,""2015"",7301"
"268,""curicó"",""sí"",""argentina"",""hombre"",64,""2015"",7301"
"269,""curicó"",""sí"",""colombia"",""mujer"",213,""2015"",7301"
"270,""el bosque"",""sí"",""haití"",""mujer"",177,""2015"",13105"
"271,""el bosque"",""no"",""venezuela"",""mujer"",53,""2015"",13105"
"272,""el bosque"",""no"",""perú"",""hombre"",49,""2015"",13105"
"273,""el bosque"",""sí"",""perú"",""hombre"",37,""2015"",13105"
"274,""el bosque"",""no"",""estados unidos"",""hombre"",34,""2015"",13105"
"275,""el bosque"",""sí"",""argentina"",""mujer"",53,""2015"",13105"
"276,""el bosque"",""sí"",""argentina"",""hombre"",29,""2015"",13105"
"277,""el bosque"",""no"",""argentina"",""mujer"",82,""2015"",13105"
"278,""el bosque"",""no"",""siria"",""mujer"",37,""2015"",13105"
"279,""el bosque"",""sí"",""haití"",""hombre"",118,""2015"",13105"
"280,""el bosque"",""no"",""haití"",""hombre"",59,""2015"",13105"
"281,""el bosque"",""no"",""perú"",""mujer"",74,""2015"",13105"
"282,""el bosque"",""sí"",""paraguay"",""mujer"",29,""2015"",13105"
"283,""el bosque"",""sí"",""perú"",""mujer"",123,""2015"",13105"
"284,""el quisco"",""sí"",""ecuador"",""mujer"",13,""2015"",5604"
"285,""el quisco"",""sí"",""perú"",""hombre"",26,""2015"",5604"
"286,""el quisco"",""sí"",""ecuador"",""hombre"",13,""2015"",5604"
"287,""el quisco"",""sí"",""suecia"",""hombre"",13,""2015"",5604"
"288,""el quisco"",""sí"",""argentina"",""mujer"",44,""2015"",5604"
"289,""el quisco"",""no"",""brasil"",""mujer"",20,""2015"",5604"
"290,""el quisco"",""sí"",""colombia"",""hombre"",23,""2015"",5604"
"291,""el quisco"",""no"",""suecia"",""mujer"",13,""2015"",5604"
"292,""el quisco"",""sí"",""perú"",""mujer"",13,""2015"",5604"
"293,""estación central"",""sí"",""perú"",""hombre"",2519,""2015"",13106"
"294,""estación central"",""no"",""haití"",""hombre"",108,""2015"",13106"
"295,""estación central"",""no"",""haití"",""mujer"",122,""2015"",13106"
"296,""estación central"",""sí"",""colombia"",""hombre"",181,""2015"",13106"
"297,""estación central"",""sí"",""argentina"",""hombre"",88,""2015"",13106"
"298,""estación central"",""no"",""colombia"",""mujer"",230,""2015"",13106"
"299,""estación central"",""sí"",""haití"",""hombre"",460,""2015"",13106"
"300,""estación central"",""no"",""perú"",""mujer"",720,""2015"",13106"
"301,""estación central"",""sí"",""república dominicana"",""mujer"",460,""2015"",13106"
"302,""estación central"",""sí"",""haití"",""mujer"",108,""2015"",13106"
"303,""estación central"",""no"",""perú"",""hombre"",492,""2015"",13106"
"304,""estación central"",""sí"",""perú"",""mujer"",1521,""2015"",13106"
"305,""estación central"",""no"",""república dominicana"",""mujer"",230,""2015"",13106"
"306,""estación central"",""sí"",""colombia"",""mujer"",230,""2015"",13106"
"307,""freire"",""no"",""argentina"",""hombre"",34,""2015"",9105"
"308,""hualpén"",""sí"",""brasil"",""hombre"",91,""2015"",8112"
"309,""iquique"",""sí"",""alemania"",""hombre"",55,""2015"",1101"
"310,""iquique"",""sí"",""bolivia"",""mujer"",1535,""2015"",1101"
"311,""iquique"",""sí"",""bolivia"",""hombre"",1368,""2015"",1101"
"312,""iquique"",""sí"",""paraguay"",""hombre"",47,""2015"",1101"
"313,""iquique"",""sí"",""estados unidos"",""mujer"",55,""2015"",1101"
"314,""iquique"",""no"",""república dominicana"",""mujer"",43,""2015"",1101"
"315,""iquique"",""no"",""perú"",""hombre"",814,""2015"",1101"
"316,""iquique"",""sí"",""colombia"",""hombre"",897,""2015"",1101"
"317,""iquique"",""sí"",""brasil"",""mujer"",28,""2015"",1101"
"318,""iquique"",""sí"",""francia"",""mujer"",50,""2015"",1101"
"319,""iquique"",""no"",""venezuela"",""hombre"",90,""2015"",1101"
"320,""iquique"",""sí"",""perú"",""hombre"",2526,""2015"",1101"
"321,""iquique"",""sí"",""ecuador"",""hombre"",113,""2015"",1101"
"322,""iquique"",""no"",""perú"",""mujer"",869,""2015"",1101"
"323,""iquique"",""no"",""bolivia"",""mujer"",1840,""2015"",1101"
"324,""iquique"",""sí"",""argentina"",""hombre"",83,""2015"",1101"
"325,""iquique"",""sí"",""ecuador"",""mujer"",279,""2015"",1101"
"326,""iquique"",""no"",""ecuador"",""mujer"",113,""2015"",1101"
"327,""iquique"",""sí"",""argentina"",""mujer"",148,""2015"",1101"
"328,""iquique"",""sí"",""colombia"",""mujer"",887,""2015"",1101"
"329,""iquique"",""sí"",""china"",""hombre"",153,""2015"",1101"
"330,""iquique"",""sí"",""india"",""hombre"",306,""2015"",1101"
"331,""iquique"",""sí"",""china"",""mujer"",153,""2015"",1101"
"332,""iquique"",""sí"",""qatar"",""hombre"",30,""2015"",1101"
"333,""iquique"",""no"",""colombia"",""hombre"",395,""2015"",1101"
"334,""iquique"",""no"",""españa"",""mujer"",67,""2015"",1101"
"335,""iquique"",""no"",""colombia"",""mujer"",807,""2015"",1101"
"336,""iquique"",""sí"",""pakistán"",""hombre"",398,""2015"",1101"
"337,""iquique"",""no"",""argentina"",""hombre"",45,""2015"",1101"
"338,""iquique"",""no"",""bolivia"",""hombre"",260,""2015"",1101"
"339,""iquique"",""no"",""ecuador"",""hombre"",76,""2015"",1101"
"340,""iquique"",""sí"",""perú"",""mujer"",2110,""2015"",1101"
"341,""la florida"",""sí"",""brasil"",""mujer"",159,""2015"",13110"
"342,""la florida"",""no"",""perú"",""mujer"",481,""2015"",13110"
"343,""la florida"",""no"",""argentina"",""mujer"",200,""2015"",13110"
"344,""la florida"",""sí"",""perú"",""mujer"",122,""2015"",13110"
"345,""la florida"",""sí"",""ecuador"",""mujer"",202,""2015"",13110"
"346,""la florida"",""no"",""cuba"",""mujer"",135,""2015"",13110"
"347,""la florida"",""sí"",""perú"",""hombre"",962,""2015"",13110"
"348,""la florida"",""no"",""brasil"",""mujer"",53,""2015"",13110"
"349,""la florida"",""sí"",""colombia"",""mujer"",312,""2015"",13110"
"350,""la florida"",""sí"",""españa"",""hombre"",177,""2015"",13110"
"351,""la florida"",""sí"",""brasil"",""hombre"",106,""2015"",13110"
"352,""la florida"",""sí"",""colombia"",""hombre"",422,""2015"",13110"
"353,""la granja"",""sí"",""perú"",""hombre"",397,""2015"",13111"
"354,""la granja"",""no"",""perú"",""mujer"",162,""2015"",13111"
"355,""la granja"",""sí"",""colombia"",""hombre"",89,""2015"",13111"
"356,""la ligua"",""sí"",""paraguay"",""mujer"",16,""2015"",5401"
"357,""la pintana"",""sí"",""colombia"",""mujer"",250,""2015"",13112"
"358,""la pintana"",""no"",""perú"",""mujer"",129,""2015"",13112"
"359,""la pintana"",""sí"",""argentina"",""hombre"",177,""2015"",13112"
"360,""la pintana"",""sí"",""ecuador"",""mujer"",202,""2015"",13112"
"361,""la pintana"",""no"",""colombia"",""mujer"",128,""2015"",13112"
"362,""la pintana"",""sí"",""colombia"",""hombre"",128,""2015"",13112"
"363,""la pintana"",""sí"",""perú"",""hombre"",129,""2015"",13112"
"364,""la serena"",""no"",""perú"",""mujer"",195,""2015"",4101"
"365,""la serena"",""sí"",""ecuador"",""hombre"",38,""2015"",4101"
"366,""la serena"",""sí"",""colombia"",""hombre"",93,""2015"",4101"
"367,""la serena"",""sí"",""españa"",""hombre"",74,""2015"",4101"
"368,""la serena"",""no"",""brasil"",""hombre"",52,""2015"",4101"
"369,""la serena"",""sí"",""perú"",""hombre"",390,""2015"",4101"
"370,""la serena"",""no"",""tailandia"",""mujer"",49,""2015"",4101"
"371,""la serena"",""sí"",""paraguay"",""hombre"",89,""2015"",4101"
"372,""la serena"",""sí"",""alemania"",""hombre"",99,""2015"",4101"
"373,""la serena"",""no"",""colombia"",""mujer"",84,""2015"",4101"
"374,""la serena"",""no"",""ecuador"",""mujer"",126,""2015"",4101"
"375,""la serena"",""sí"",""argentina"",""mujer"",293,""2015"",4101"
"376,""la serena"",""no"",""alemania"",""hombre"",35,""2015"",4101"
"377,""la serena"",""sí"",""perú"",""mujer"",43,""2015"",4101"
"378,""la serena"",""no"",""alemania"",""mujer"",99,""2015"",4101"
"379,""la serena"",""no"",""república dominicana"",""mujer"",78,""2015"",4101"
"380,""la serena"",""sí"",""brasil"",""hombre"",102,""2015"",4101"
"381,""la serena"",""no"",""argentina"",""mujer"",260,""2015"",4101"
"382,""la serena"",""sí"",""italia"",""hombre"",44,""2015"",4101"
"383,""la serena"",""no"",""colombia"",""hombre"",101,""2015"",4101"
"384,""la serena"",""sí"",""argentina"",""hombre"",168,""2015"",4101"
"385,""la serena"",""sí"",""colombia"",""mujer"",149,""2015"",4101"
"386,""la serena"",""sí"",""república dominicana"",""hombre"",156,""2015"",4101"
"387,""laja"",""no"",""perú"",""mujer"",34,""2015"",8304"
"388,""las condes"",""sí"",""alemania"",""hombre"",167,""2015"",13114"
"389,""las condes"",""sí"",""alemania"",""mujer"",312,""2015"",13114"
"390,""las condes"",""sí"",""italia"",""mujer"",69,""2015"",13114"
"391,""las condes"",""no"",""alemania"",""mujer"",252,""2015"",13114"
"392,""las condes"",""sí"",""costa rica"",""hombre"",127,""2015"",13114"
"393,""las condes"",""sí"",""brasil"",""hombre"",142,""2015"",13114"
"394,""las condes"",""sí"",""reino unido"",""hombre"",39,""2015"",13114"
"395,""las condes"",""no"",""reino unido"",""hombre"",55,""2015"",13114"
"396,""las condes"",""sí"",""israel"",""mujer"",102,""2015"",13114"
"397,""las condes"",""no"",""costa rica"",""mujer"",254,""2015"",13114"
"398,""las condes"",""sí"",""estados unidos"",""mujer"",41,""2015"",13114"
"399,""las condes"",""no"",""italia"",""hombre"",69,""2015"",13114"
"400,""las condes"",""no"",""alemania"",""hombre"",172,""2015"",13114"
"401,""las condes"",""sí"",""españa"",""mujer"",294,""2015"",13114"
"402,""las condes"",""sí"",""méxico"",""hombre"",107,""2015"",13114"
"403,""las condes"",""no"",""méxico"",""mujer"",107,""2015"",13114"
"404,""las condes"",""sí"",""china"",""hombre"",92,""2015"",13114"
"405,""las condes"",""sí"",""estados unidos"",""hombre"",130,""2015"",13114"
"406,""las condes"",""sí"",""ecuador"",""mujer"",45,""2015"",13114"
"407,""las condes"",""sí"",""venezuela"",""mujer"",610,""2015"",13114"
"408,""las condes"",""sí"",""españa"",""hombre"",364,""2015"",13114"
"409,""las condes"",""sí"",""corea del sur"",""hombre"",304,""2015"",13114"
"410,""las condes"",""sí"",""bolivia"",""mujer"",118,""2015"",13114"
"411,""las condes"",""sí"",""suiza"",""hombre"",76,""2015"",13114"
"412,""las condes"",""sí"",""república dominicana"",""mujer"",86,""2015"",13114"
"413,""las condes"",""no"",""estados unidos"",""hombre"",207,""2015"",13114"
"414,""las condes"",""no"",""ecuador"",""hombre"",41,""2015"",13114"
"415,""las condes"",""no"",""perú"",""mujer"",274,""2015"",13114"
"416,""las condes"",""sí"",""italia"",""hombre"",539,""2015"",13114"
"417,""las condes"",""sí"",""uruguay"",""mujer"",294,""2015"",13114"
"418,""las condes"",""no"",""francia"",""mujer"",339,""2015"",13114"
"419,""las condes"",""no"",""corea del sur"",""hombre"",76,""2015"",13114"
"420,""las condes"",""sí"",""china"",""mujer"",92,""2015"",13114"
"421,""las condes"",""sí"",""venezuela"",""hombre"",261,""2015"",13114"
"422,""las condes"",""sí"",""argentina"",""mujer"",597,""2015"",13114"
"423,""las condes"",""sí"",""uruguay"",""hombre"",215,""2015"",13114"
"424,""las condes"",""sí"",""méxico"",""mujer"",28,""2015"",13114"
"425,""las condes"",""no"",""polonia"",""mujer"",39,""2015"",13114"
"426,""las condes"",""no"",""corea del sur"",""mujer"",76,""2015"",13114"
"427,""las condes"",""no"",""australia"",""mujer"",79,""2015"",13114"
"428,""las condes"",""sí"",""dinamarca"",""mujer"",70,""2015"",13114"
"429,""las condes"",""sí"",""bolivia"",""hombre"",139,""2015"",13114"
"430,""las condes"",""no"",""brasil"",""mujer"",142,""2015"",13114"
"431,""las condes"",""no"",""venezuela"",""hombre"",125,""2015"",13114"
"432,""las condes"",""sí"",""perú"",""hombre"",303,""2015"",13114"
"433,""las condes"",""no"",""españa"",""mujer"",473,""2015"",13114"
"434,""las condes"",""no"",""argentina"",""mujer"",356,""2015"",13114"
"435,""las condes"",""no"",""uruguay"",""mujer"",183,""2015"",13114"
"436,""las condes"",""no"",""italia"",""mujer"",145,""2015"",13114"
"437,""las condes"",""no"",""españa"",""hombre"",281,""2015"",13114"
"438,""las condes"",""sí"",""colombia"",""mujer"",499,""2015"",13114"
"439,""las condes"",""sí"",""perú"",""mujer"",607,""2015"",13114"
"440,""las condes"",""no"",""estados unidos"",""mujer"",294,""2015"",13114"
"441,""las condes"",""sí"",""francia"",""hombre"",157,""2015"",13114"
"442,""las condes"",""no"",""colombia"",""hombre"",352,""2015"",13114"
"443,""las condes"",""sí"",""colombia"",""hombre"",463,""2015"",13114"
"444,""las condes"",""no"",""colombia"",""mujer"",257,""2015"",13114"
"445,""las condes"",""sí"",""argentina"",""hombre"",831,""2015"",13114"
"446,""las condes"",""sí"",""corea del sur"",""mujer"",304,""2015"",13114"
"447,""las condes"",""no"",""argentina"",""hombre"",92,""2015"",13114"
"448,""las condes"",""no"",""costa rica"",""hombre"",127,""2015"",13114"
"449,""las condes"",""no"",""bolivia"",""hombre"",41,""2015"",13114"
"450,""las condes"",""no"",""venezuela"",""mujer"",225,""2015"",13114"
"451,""lautaro"",""sí"",""argentina"",""hombre"",64,""2015"",9108"
"452,""lebu"",""sí"",""argentina"",""hombre"",73,""2015"",8201"
"453,""limache"",""no"",""venezuela"",""hombre"",73,""2015"",5802"
"454,""limache"",""no"",""italia"",""hombre"",59,""2015"",5802"
"455,""limache"",""no"",""venezuela"",""mujer"",146,""2015"",5802"
"456,""limache"",""sí"",""ecuador"",""hombre"",46,""2015"",5802"
"457,""limache"",""no"",""alemania"",""mujer"",73,""2015"",5802"
"458,""limache"",""sí"",""italia"",""hombre"",10,""2015"",5802"
"459,""limache"",""no"",""francia"",""hombre"",46,""2015"",5802"
"460,""limache"",""sí"",""venezuela"",""mujer"",73,""2015"",5802"
"461,""limache"",""sí"",""argentina"",""hombre"",5,""2015"",5802"
"462,""limache"",""no"",""francia"",""mujer"",11,""2015"",5802"
"463,""linares"",""sí"",""bolivia"",""hombre"",97,""2015"",7401"
"464,""linares"",""no"",""brasil"",""hombre"",97,""2015"",7401"
"465,""linares"",""no"",""brasil"",""mujer"",97,""2015"",7401"
"466,""llanquihue"",""no"",""italia"",""mujer"",16,""2015"",10107"
"467,""los andes"",""sí"",""perú"",""hombre"",55,""2015"",5301"
"468,""los andes"",""no"",""colombia"",""hombre"",106,""2015"",5301"
"469,""los andes"",""sí"",""venezuela"",""mujer"",272,""2015"",5301"
"470,""los andes"",""sí"",""argentina"",""mujer"",40,""2015"",5301"
"471,""los andes"",""sí"",""venezuela"",""hombre"",272,""2015"",5301"
"472,""los andes"",""no"",""colombia"",""mujer"",106,""2015"",5301"
"473,""los andes"",""sí"",""brasil"",""hombre"",44,""2015"",5301"
"474,""los andes"",""sí"",""ecuador"",""mujer"",66,""2015"",5301"
"475,""los andes"",""sí"",""paraguay"",""hombre"",48,""2015"",5301"
"476,""los Ángeles"",""sí"",""méxico"",""mujer"",48,""2015"",8301"
"477,""los Ángeles"",""sí"",""perú"",""mujer"",50,""2015"",8301"
"478,""los Ángeles"",""no"",""suiza"",""mujer"",47,""2015"",8301"
"479,""los Ángeles"",""sí"",""españa"",""mujer"",36,""2015"",8301"
"480,""los Ángeles"",""no"",""españa"",""mujer"",72,""2015"",8301"
"481,""los Ángeles"",""sí"",""canadá"",""hombre"",21,""2015"",8301"
"482,""los Ángeles"",""sí"",""colombia"",""mujer"",21,""2015"",8301"
"483,""los Ángeles"",""sí"",""reino unido"",""hombre"",53,""2015"",8301"
"484,""los Ángeles"",""sí"",""perú"",""hombre"",83,""2015"",8301"
"485,""los lagos"",""no"",""méxico"",""mujer"",28,""2015"",14104"
"486,""machalí"",""no"",""colombia"",""mujer"",17,""2015"",6108"
"487,""machalí"",""sí"",""perú"",""mujer"",38,""2015"",6108"
"488,""machalí"",""no"",""perú"",""mujer"",38,""2015"",6108"
"489,""machalí"",""sí"",""cuba"",""hombre"",71,""2015"",6108"
"490,""machalí"",""sí"",""perú"",""hombre"",38,""2015"",6108"
"491,""machalí"",""sí"",""colombia"",""mujer"",17,""2015"",6108"
"492,""machalí"",""sí"",""cuba"",""mujer"",75,""2015"",6108"
"493,""machalí"",""sí"",""argentina"",""hombre"",14,""2015"",6108"
"494,""machalí"",""no"",""brasil"",""mujer"",16,""2015"",6108"
"495,""machalí"",""no"",""argentina"",""mujer"",27,""2015"",6108"
"496,""machalí"",""no"",""méxico"",""hombre"",14,""2015"",6108"
"497,""macul"",""sí"",""perú"",""mujer"",134,""2015"",13118"
"498,""macul"",""sí"",""perú"",""hombre"",96,""2015"",13118"
"499,""macul"",""sí"",""rusia"",""mujer"",96,""2015"",13118"
"500,""macul"",""sí"",""venezuela"",""mujer"",284,""2015"",13118"
"501,""macul"",""no"",""argentina"",""hombre"",283,""2015"",13118"
"502,""macul"",""no"",""venezuela"",""mujer"",284,""2015"",13118"
"503,""macul"",""sí"",""polonia"",""mujer"",226,""2015"",13118"
"504,""maipú"",""sí"",""méxico"",""hombre"",587,""2015"",13119"
"505,""maipú"",""sí"",""colombia"",""mujer"",541,""2015"",13119"
"506,""maipú"",""sí"",""colombia"",""hombre"",541,""2015"",13119"
"507,""maipú"",""no"",""argentina"",""mujer"",874,""2015"",13119"
"508,""maipú"",""no"",""españa"",""mujer"",292,""2015"",13119"
"509,""maipú"",""sí"",""república dominicana"",""hombre"",558,""2015"",13119"
"510,""maipú"",""sí"",""nicaragua"",""mujer"",389,""2015"",13119"
"511,""maipú"",""sí"",""perú"",""mujer"",1562,""2015"",13119"
"512,""maipú"",""no"",""perú"",""mujer"",1905,""2015"",13119"
"513,""maipú"",""sí"",""argentina"",""mujer"",437,""2015"",13119"
"514,""maipú"",""sí"",""perú"",""hombre"",534,""2015"",13119"
"515,""maipú"",""no"",""colombia"",""mujer"",1264,""2015"",13119"
"516,""maipú"",""no"",""italia"",""mujer"",332,""2015"",13119"
"517,""melipilla"",""no"",""venezuela"",""hombre"",197,""2015"",13501"
"518,""melipilla"",""sí"",""venezuela"",""mujer"",197,""2015"",13501"
"519,""melipilla"",""sí"",""bolivia"",""mujer"",804,""2015"",13501"
"520,""melipilla"",""sí"",""bolivia"",""hombre"",1722,""2015"",13501"
"521,""melipilla"",""no"",""bolivia"",""hombre"",111,""2015"",13501"
"522,""melipilla"",""no"",""argentina"",""mujer"",121,""2015"",13501"
"523,""natales"",""sí"",""turquía"",""mujer"",9,""2015"",12401"
"524,""natales"",""sí"",""perú"",""hombre"",21,""2015"",12401"
"525,""natales"",""sí"",""colombia"",""hombre"",60,""2015"",12401"
"526,""natales"",""no"",""argentina"",""hombre"",8,""2015"",12401"
"527,""natales"",""sí"",""argentina"",""hombre"",9,""2015"",12401"
"528,""natales"",""sí"",""argentina"",""mujer"",28,""2015"",12401"
"529,""natales"",""no"",""alemania"",""hombre"",7,""2015"",12401"
"530,""natales"",""sí"",""colombia"",""mujer"",15,""2015"",12401"
"531,""natales"",""sí"",""estados unidos"",""hombre"",15,""2015"",12401"
"532,""natales"",""no"",""argentina"",""mujer"",10,""2015"",12401"
"533,""Ñuñoa"",""no"",""brasil"",""mujer"",107,""2015"",13120"
"534,""Ñuñoa"",""no"",""argentina"",""mujer"",164,""2015"",13120"
"535,""Ñuñoa"",""sí"",""venezuela"",""mujer"",254,""2015"",13120"
"536,""Ñuñoa"",""no"",""ecuador"",""mujer"",88,""2015"",13120"
"537,""Ñuñoa"",""sí"",""costa rica"",""mujer"",54,""2015"",13120"
"538,""Ñuñoa"",""no"",""brasil"",""hombre"",27,""2015"",13120"
"539,""Ñuñoa"",""sí"",""francia"",""hombre"",28,""2015"",13120"
"540,""Ñuñoa"",""sí"",""cuba"",""hombre"",46,""2015"",13120"
"541,""Ñuñoa"",""sí"",""perú"",""mujer"",132,""2015"",13120"
"542,""Ñuñoa"",""no"",""perú"",""mujer"",127,""2015"",13120"
"543,""Ñuñoa"",""no"",""cuba"",""mujer"",46,""2015"",13120"
"544,""Ñuñoa"",""no"",""colombia"",""mujer"",192,""2015"",13120"
"545,""Ñuñoa"",""no"",""francia"",""mujer"",41,""2015"",13120"
"546,""Ñuñoa"",""sí"",""holanda"",""hombre"",23,""2015"",13120"
"547,""Ñuñoa"",""no"",""colombia"",""hombre"",44,""2015"",13120"
"548,""Ñuñoa"",""sí"",""estados unidos"",""hombre"",117,""2015"",13120"
"549,""Ñuñoa"",""no"",""venezuela"",""hombre"",10,""2015"",13120"
"550,""Ñuñoa"",""sí"",""turquía"",""mujer"",50,""2015"",13120"
"551,""Ñuñoa"",""sí"",""argentina"",""hombre"",441,""2015"",13120"
"552,""Ñuñoa"",""sí"",""brasil"",""hombre"",130,""2015"",13120"
"553,""Ñuñoa"",""sí"",""haití"",""hombre"",36,""2015"",13120"
"554,""Ñuñoa"",""sí"",""alemania"",""mujer"",84,""2015"",13120"
"555,""Ñuñoa"",""sí"",""colombia"",""mujer"",300,""2015"",13120"
"556,""Ñuñoa"",""sí"",""uruguay"",""hombre"",98,""2015"",13120"
"557,""Ñuñoa"",""sí"",""venezuela"",""hombre"",60,""2015"",13120"
"558,""Ñuñoa"",""sí"",""francia"",""mujer"",28,""2015"",13120"
"559,""Ñuñoa"",""sí"",""japón"",""hombre"",29,""2015"",13120"
"560,""Ñuñoa"",""no"",""méxico"",""mujer"",44,""2015"",13120"
"561,""Ñuñoa"",""no"",""argentina"",""hombre"",110,""2015"",13120"
"562,""Ñuñoa"",""sí"",""italia"",""hombre"",159,""2015"",13120"
"563,""Ñuñoa"",""sí"",""brasil"",""mujer"",144,""2015"",13120"
"564,""Ñuñoa"",""sí"",""ecuador"",""mujer"",17,""2015"",13120"
"565,""Ñuñoa"",""sí"",""españa"",""mujer"",448,""2015"",13120"
"566,""Ñuñoa"",""sí"",""españa"",""hombre"",222,""2015"",13120"
"567,""Ñuñoa"",""no"",""perú"",""hombre"",370,""2015"",13120"
"568,""Ñuñoa"",""sí"",""italia"",""mujer"",148,""2015"",13120"
"569,""Ñuñoa"",""no"",""bolivia"",""hombre"",45,""2015"",13120"
"570,""Ñuñoa"",""sí"",""argelia"",""hombre"",79,""2015"",13120"
"571,""Ñuñoa"",""sí"",""ecuador"",""hombre"",51,""2015"",13120"
"572,""Ñuñoa"",""sí"",""bélgica"",""mujer"",127,""2015"",13120"
"573,""Ñuñoa"",""no"",""cuba"",""hombre"",23,""2015"",13120"
"574,""Ñuñoa"",""sí"",""cuba"",""mujer"",23,""2015"",13120"
"575,""Ñuñoa"",""sí"",""bolivia"",""mujer"",32,""2015"",13120"
"576,""Ñuñoa"",""no"",""argelia"",""mujer"",79,""2015"",13120"
"577,""Ñuñoa"",""no"",""méxico"",""hombre"",132,""2015"",13120"
"578,""Ñuñoa"",""sí"",""colombia"",""hombre"",301,""2015"",13120"
"579,""Ñuñoa"",""sí"",""reino unido"",""mujer"",26,""2015"",13120"
"580,""Ñuñoa"",""sí"",""argentina"",""mujer"",230,""2015"",13120"
"581,""Ñuñoa"",""sí"",""perú"",""hombre"",120,""2015"",13120"
"582,""osorno"",""no"",""argentina"",""mujer"",142,""2015"",10301"
"583,""osorno"",""sí"",""argentina"",""hombre"",213,""2015"",10301"
"584,""ovalle"",""sí"",""perú"",""mujer"",263,""2015"",4301"
"585,""ovalle"",""sí"",""colombia"",""mujer"",64,""2015"",4301"
"586,""ovalle"",""sí"",""perú"",""hombre"",127,""2015"",4301"
"587,""padre las casas"",""sí"",""argentina"",""mujer"",86,""2015"",9112"
"588,""padre las casas"",""no"",""argentina"",""mujer"",172,""2015"",9112"
"589,""paillaco"",""no"",""no contesta"",""mujer"",12,""2015"",14107"
"590,""panguipulli"",""sí"",""argentina"",""mujer"",26,""2015"",14108"
"591,""panguipulli"",""no"",""argentina"",""mujer"",26,""2015"",14108"
"592,""panguipulli"",""no"",""argentina"",""hombre"",26,""2015"",14108"
"593,""pedro aguirre cerda"",""no"",""haití"",""mujer"",327,""2015"",13121"
"594,""pedro aguirre cerda"",""sí"",""república dominicana"",""mujer"",60,""2015"",13121"
"595,""pedro aguirre cerda"",""sí"",""estados unidos"",""hombre"",58,""2015"",13121"
"596,""pedro aguirre cerda"",""sí"",""perú"",""hombre"",38,""2015"",13121"
"597,""pedro aguirre cerda"",""no"",""haití"",""hombre"",155,""2015"",13121"
"598,""pedro aguirre cerda"",""sí"",""haití"",""hombre"",267,""2015"",13121"
"599,""pedro aguirre cerda"",""sí"",""colombia"",""hombre"",38,""2015"",13121"
"600,""pedro aguirre cerda"",""sí"",""ucrania"",""hombre"",83,""2015"",13121"
"601,""pedro aguirre cerda"",""sí"",""argentina"",""hombre"",52,""2015"",13121"
"602,""pedro aguirre cerda"",""sí"",""haití"",""mujer"",95,""2015"",13121"
"603,""peñalolén"",""sí"",""haití"",""hombre"",214,""2015"",13122"
"604,""peñalolén"",""sí"",""canadá"",""hombre"",159,""2015"",13122"
"605,""peñalolén"",""sí"",""argentina"",""mujer"",107,""2015"",13122"
"606,""peñalolén"",""no"",""colombia"",""hombre"",132,""2015"",13122"
"607,""peñalolén"",""sí"",""colombia"",""hombre"",396,""2015"",13122"
"608,""peñalolén"",""no"",""cuba"",""mujer"",291,""2015"",13122"
"609,""peñalolén"",""sí"",""perú"",""hombre"",905,""2015"",13122"
"610,""peñalolén"",""no"",""haití"",""mujer"",107,""2015"",13122"
"611,""peñalolén"",""sí"",""perú"",""mujer"",1003,""2015"",13122"
"612,""peñalolén"",""no"",""argentina"",""hombre"",478,""2015"",13122"
"613,""peñalolén"",""no"",""perú"",""mujer"",777,""2015"",13122"
"614,""pichilemu"",""sí"",""estados unidos"",""hombre"",78,""2015"",6201"
"615,""pichilemu"",""sí"",""paraguay"",""mujer"",47,""2015"",6201"
"616,""pitrufquén"",""sí"",""argentina"",""hombre"",17,""2015"",9114"
"617,""pitrufquén"",""no"",""suiza"",""mujer"",18,""2015"",9114"
"618,""pitrufquén"",""no"",""paraguay"",""hombre"",22,""2015"",9114"
"619,""porvenir"",""sí"",""colombia"",""mujer"",6,""2015"",12301"
"620,""porvenir"",""no"",""argentina"",""mujer"",22,""2015"",12301"
"621,""porvenir"",""no"",""argentina"",""hombre"",28,""2015"",12301"
"622,""porvenir"",""no"",""colombia"",""hombre"",6,""2015"",12301"
"623,""porvenir"",""sí"",""argentina"",""mujer"",6,""2015"",12301"
"624,""porvenir"",""sí"",""argentina"",""hombre"",6,""2015"",12301"
"625,""pozo almonte"",""sí"",""colombia"",""mujer"",36,""2015"",1401"
"626,""pozo almonte"",""no"",""bolivia"",""mujer"",142,""2015"",1401"
"627,""pozo almonte"",""no"",""bolivia"",""hombre"",31,""2015"",1401"
"628,""pozo almonte"",""sí"",""colombia"",""hombre"",29,""2015"",1401"
"629,""pozo almonte"",""sí"",""brasil"",""hombre"",19,""2015"",1401"
"630,""pozo almonte"",""sí"",""perú"",""hombre"",69,""2015"",1401"
"631,""pozo almonte"",""sí"",""bolivia"",""mujer"",238,""2015"",1401"
"632,""pozo almonte"",""sí"",""bolivia"",""hombre"",180,""2015"",1401"
"633,""pozo almonte"",""no"",""colombia"",""hombre"",14,""2015"",1401"
"634,""pozo almonte"",""sí"",""venezuela"",""mujer"",6,""2015"",1401"
"635,""pozo almonte"",""sí"",""perú"",""mujer"",18,""2015"",1401"
"636,""pozo almonte"",""no"",""perú"",""mujer"",86,""2015"",1401"
"637,""providencia"",""sí"",""costa rica"",""hombre"",32,""2015"",13123"
"638,""providencia"",""no"",""israel"",""mujer"",30,""2015"",13123"
"639,""providencia"",""sí"",""cuba"",""mujer"",120,""2015"",13123"
"640,""providencia"",""sí"",""bolivia"",""mujer"",230,""2015"",13123"
"641,""providencia"",""sí"",""españa"",""hombre"",302,""2015"",13123"
"642,""providencia"",""sí"",""méxico"",""hombre"",74,""2015"",13123"
"643,""providencia"",""sí"",""argentina"",""hombre"",529,""2015"",13123"
"644,""providencia"",""sí"",""colombia"",""hombre"",219,""2015"",13123"
"645,""providencia"",""no"",""perú"",""hombre"",64,""2015"",13123"
"646,""providencia"",""no"",""brasil"",""hombre"",46,""2015"",13123"
"647,""providencia"",""sí"",""perú"",""mujer"",487,""2015"",13123"
"648,""providencia"",""sí"",""brasil"",""hombre"",98,""2015"",13123"
"649,""providencia"",""no"",""rumanía"",""hombre"",48,""2015"",13123"
"650,""providencia"",""no"",""alemania"",""mujer"",68,""2015"",13123"
"651,""providencia"",""no"",""austria"",""mujer"",57,""2015"",13123"
"652,""providencia"",""sí"",""francia"",""mujer"",172,""2015"",13123"
"653,""providencia"",""no"",""paraguay"",""hombre"",41,""2015"",13123"
"654,""providencia"",""no"",""colombia"",""mujer"",58,""2015"",13123"
"655,""providencia"",""sí"",""el salvador"",""mujer"",44,""2015"",13123"
"656,""providencia"",""no"",""brasil"",""mujer"",184,""2015"",13123"
"657,""providencia"",""sí"",""bolivia"",""hombre"",116,""2015"",13123"
"658,""providencia"",""no"",""bolivia"",""mujer"",59,""2015"",13123"
"659,""providencia"",""sí"",""venezuela"",""mujer"",239,""2015"",13123"
"660,""providencia"",""sí"",""suiza"",""hombre"",27,""2015"",13123"
"661,""providencia"",""no"",""italia"",""hombre"",50,""2015"",13123"
"662,""providencia"",""sí"",""estados unidos"",""mujer"",84,""2015"",13123"
"663,""providencia"",""sí"",""ecuador"",""mujer"",77,""2015"",13123"
"664,""providencia"",""no"",""italia"",""mujer"",66,""2015"",13123"
"665,""providencia"",""sí"",""españa"",""mujer"",394,""2015"",13123"
"666,""providencia"",""no"",""méxico"",""mujer"",46,""2015"",13123"
"667,""providencia"",""sí"",""dinamarca"",""mujer"",32,""2015"",13123"
"668,""providencia"",""no"",""marruecos"",""hombre"",36,""2015"",13123"
"669,""providencia"",""no"",""cuba"",""mujer"",120,""2015"",13123"
"670,""providencia"",""sí"",""venezuela"",""hombre"",301,""2015"",13123"
"671,""providencia"",""no"",""españa"",""mujer"",84,""2015"",13123"
"672,""providencia"",""sí"",""china"",""mujer"",118,""2015"",13123"
"673,""providencia"",""no"",""bolivia"",""hombre"",57,""2015"",13123"
"674,""providencia"",""sí"",""ecuador"",""hombre"",221,""2015"",13123"
"675,""providencia"",""no"",""méxico"",""hombre"",59,""2015"",13123"
"676,""providencia"",""no"",""argentina"",""mujer"",136,""2015"",13123"
"677,""providencia"",""sí"",""uruguay"",""hombre"",31,""2015"",13123"
"678,""providencia"",""no"",""reino unido"",""mujer"",32,""2015"",13123"
"679,""providencia"",""sí"",""italia"",""mujer"",119,""2015"",13123"
"680,""providencia"",""sí"",""reino unido"",""hombre"",57,""2015"",13123"
"681,""providencia"",""sí"",""francia"",""hombre"",155,""2015"",13123"
"682,""providencia"",""no"",""españa"",""hombre"",203,""2015"",13123"
"683,""providencia"",""sí"",""cuba"",""hombre"",121,""2015"",13123"
"684,""providencia"",""no"",""ecuador"",""mujer"",28,""2015"",13123"
"685,""providencia"",""no"",""uruguay"",""mujer"",62,""2015"",13123"
"686,""providencia"",""sí"",""brasil"",""mujer"",35,""2015"",13123"
"687,""providencia"",""no"",""australia"",""mujer"",102,""2015"",13123"
"688,""providencia"",""sí"",""uruguay"",""mujer"",66,""2015"",13123"
"689,""providencia"",""sí"",""filipinas"",""mujer"",27,""2015"",13123"
"690,""providencia"",""sí"",""paraguay"",""mujer"",85,""2015"",13123"
"691,""providencia"",""sí"",""italia"",""hombre"",86,""2015"",13123"
"692,""providencia"",""no"",""perú"",""mujer"",137,""2015"",13123"
"693,""providencia"",""sí"",""alemania"",""mujer"",155,""2015"",13123"
"694,""providencia"",""sí"",""argentina"",""mujer"",174,""2015"",13123"
"695,""providencia"",""sí"",""colombia"",""mujer"",240,""2015"",13123"
"696,""providencia"",""sí"",""alemania"",""hombre"",62,""2015"",13123"
"697,""providencia"",""sí"",""estados unidos"",""hombre"",60,""2015"",13123"
"698,""providencia"",""sí"",""perú"",""hombre"",647,""2015"",13123"
"699,""providencia"",""no"",""venezuela"",""mujer"",174,""2015"",13123"
"700,""pucón"",""sí"",""argentina"",""mujer"",61,""2015"",9115"
"701,""pucón"",""no"",""colombia"",""mujer"",42,""2015"",9115"
"702,""pudahuel"",""sí"",""venezuela"",""mujer"",284,""2015"",13124"
"703,""pudahuel"",""no"",""brasil"",""hombre"",83,""2015"",13124"
"704,""pudahuel"",""sí"",""brasil"",""mujer"",144,""2015"",13124"
"705,""pudahuel"",""sí"",""colombia"",""mujer"",419,""2015"",13124"
"706,""pudahuel"",""sí"",""perú"",""hombre"",654,""2015"",13124"
"707,""pudahuel"",""no"",""venezuela"",""mujer"",284,""2015"",13124"
"708,""pudahuel"",""no"",""haití"",""mujer"",293,""2015"",13124"
"709,""pudahuel"",""no"",""brasil"",""mujer"",172,""2015"",13124"
"710,""pudahuel"",""sí"",""ecuador"",""hombre"",83,""2015"",13124"
"711,""pudahuel"",""sí"",""ecuador"",""mujer"",1136,""2015"",13124"
"712,""pudahuel"",""sí"",""venezuela"",""hombre"",284,""2015"",13124"
"713,""pudahuel"",""sí"",""república dominicana"",""mujer"",163,""2015"",13124"
"714,""pudahuel"",""sí"",""colombia"",""hombre"",1651,""2015"",13124"
"715,""pudahuel"",""no"",""perú"",""mujer"",285,""2015"",13124"
"716,""pudahuel"",""sí"",""perú"",""mujer"",83,""2015"",13124"
"717,""pudahuel"",""sí"",""haití"",""mujer"",167,""2015"",13124"
"718,""pudahuel"",""sí"",""haití"",""hombre"",293,""2015"",13124"
"719,""pudahuel"",""no"",""colombia"",""hombre"",326,""2015"",13124"
"720,""puente alto"",""sí"",""perú"",""mujer"",1109,""2015"",13201"
"721,""puente alto"",""no"",""perú"",""mujer"",688,""2015"",13201"
"722,""puente alto"",""sí"",""argentina"",""mujer"",547,""2015"",13201"
"723,""puente alto"",""sí"",""ecuador"",""hombre"",304,""2015"",13201"
"724,""puente alto"",""no"",""paraguay"",""mujer"",118,""2015"",13201"
"725,""puente alto"",""no"",""brasil"",""mujer"",143,""2015"",13201"
"726,""puente alto"",""sí"",""perú"",""hombre"",631,""2015"",13201"
"727,""puente alto"",""no"",""no contesta"",""mujer"",149,""2015"",13201"
"728,""puente alto"",""sí"",""colombia"",""hombre"",286,""2015"",13201"
"729,""puente alto"",""sí"",""colombia"",""mujer"",184,""2015"",13201"
"730,""puente alto"",""no"",""colombia"",""mujer"",290,""2015"",13201"
"731,""puente alto"",""sí"",""ecuador"",""mujer"",471,""2015"",13201"
"732,""puente alto"",""no"",""bolivia"",""mujer"",197,""2015"",13201"
"733,""puente alto"",""no"",""costa rica"",""mujer"",275,""2015"",13201"
"734,""puente alto"",""sí"",""argentina"",""hombre"",169,""2015"",13201"
"735,""puente alto"",""no"",""uruguay"",""mujer"",148,""2015"",13201"
"736,""puente alto"",""no"",""ecuador"",""hombre"",304,""2015"",13201"
"737,""puerto montt"",""sí"",""corea del sur"",""hombre"",72,""2015"",10101"
"738,""puerto montt"",""no"",""perú"",""hombre"",77,""2015"",10101"
"739,""puerto montt"",""sí"",""colombia"",""mujer"",229,""2015"",10101"
"740,""puerto montt"",""no"",""perú"",""mujer"",98,""2015"",10101"
"741,""puerto montt"",""sí"",""perú"",""mujer"",64,""2015"",10101"
"742,""puerto montt"",""sí"",""colombia"",""hombre"",98,""2015"",10101"
"743,""puerto montt"",""no"",""guatemala"",""mujer"",62,""2015"",10101"
"744,""puerto montt"",""sí"",""venezuela"",""hombre"",102,""2015"",10101"
"745,""puerto montt"",""no"",""estados unidos"",""hombre"",232,""2015"",10101"
"746,""puerto montt"",""no"",""noruega"",""mujer"",67,""2015"",10101"
"747,""puerto montt"",""sí"",""argentina"",""hombre"",140,""2015"",10101"
"748,""puerto montt"",""sí"",""corea del sur"",""mujer"",72,""2015"",10101"
"749,""puerto montt"",""no"",""ecuador"",""hombre"",197,""2015"",10101"
"750,""puerto montt"",""sí"",""ecuador"",""mujer"",394,""2015"",10101"
"751,""punta arenas"",""no"",""república dominicana"",""hombre"",46,""2015"",12101"
"752,""punta arenas"",""sí"",""perú"",""hombre"",100,""2015"",12101"
"753,""punta arenas"",""sí"",""colombia"",""mujer"",72,""2015"",12101"
"754,""punta arenas"",""no"",""argentina"",""hombre"",93,""2015"",12101"
"755,""punta arenas"",""no"",""argentina"",""mujer"",100,""2015"",12101"
"756,""punta arenas"",""sí"",""república dominicana"",""mujer"",176,""2015"",12101"
"757,""punta arenas"",""sí"",""argentina"",""mujer"",104,""2015"",12101"
"758,""punta arenas"",""sí"",""estados unidos"",""mujer"",38,""2015"",12101"
"759,""punta arenas"",""sí"",""argentina"",""hombre"",76,""2015"",12101"
"760,""putre"",""sí"",""bolivia"",""mujer"",19,""2015"",15201"
"761,""putre"",""sí"",""bolivia"",""hombre"",10,""2015"",15201"
"762,""putre"",""sí"",""perú"",""mujer"",5,""2015"",15201"
"763,""putre"",""no"",""bolivia"",""mujer"",27,""2015"",15201"
"764,""putre"",""sí"",""perú"",""hombre"",3,""2015"",15201"
"765,""putre"",""no"",""estados unidos"",""mujer"",3,""2015"",15201"
"766,""putre"",""no"",""bolivia"",""hombre"",11,""2015"",15201"
"767,""quellón"",""sí"",""haití"",""mujer"",25,""2015"",10208"
"768,""quilicura"",""no"",""paraguay"",""mujer"",84,""2015"",13125"
"769,""quilicura"",""sí"",""china"",""hombre"",148,""2015"",13125"
"770,""quilicura"",""no"",""venezuela"",""mujer"",97,""2015"",13125"
"771,""quilicura"",""sí"",""venezuela"",""mujer"",174,""2015"",13125"
"772,""quilicura"",""sí"",""colombia"",""hombre"",354,""2015"",13125"
"773,""quilicura"",""sí"",""venezuela"",""hombre"",87,""2015"",13125"
"774,""quilicura"",""no"",""colombia"",""mujer"",322,""2015"",13125"
"775,""quilicura"",""sí"",""haití"",""hombre"",5018,""2015"",13125"
"776,""quilicura"",""no"",""perú"",""mujer"",448,""2015"",13125"
"777,""quilicura"",""sí"",""perú"",""mujer"",961,""2015"",13125"
"778,""quilicura"",""no"",""haití"",""mujer"",1156,""2015"",13125"
"779,""quilicura"",""sí"",""argentina"",""hombre"",333,""2015"",13125"
"780,""quilicura"",""no"",""haití"",""hombre"",93,""2015"",13125"
"781,""quilicura"",""sí"",""perú"",""hombre"",819,""2015"",13125"
"782,""quilicura"",""no"",""perú"",""hombre"",79,""2015"",13125"
"783,""quilicura"",""no"",""argentina"",""mujer"",113,""2015"",13125"
"784,""quilicura"",""sí"",""ecuador"",""mujer"",120,""2015"",13125"
"785,""quilicura"",""sí"",""china"",""mujer"",74,""2015"",13125"
"786,""quilicura"",""no"",""ecuador"",""mujer"",257,""2015"",13125"
"787,""quilicura"",""sí"",""colombia"",""mujer"",354,""2015"",13125"
"788,""quilicura"",""sí"",""haití"",""mujer"",1767,""2015"",13125"
"789,""quillota"",""sí"",""brasil"",""mujer"",143,""2015"",5501"
"790,""quillota"",""sí"",""perú"",""hombre"",184,""2015"",5501"
"791,""quillota"",""no"",""argentina"",""hombre"",79,""2015"",5501"
"792,""quilpué"",""no"",""alemania"",""mujer"",64,""2015"",5801"
"793,""quilpué"",""sí"",""alemania"",""mujer"",150,""2015"",5801"
"794,""quilpué"",""sí"",""colombia"",""mujer"",62,""2015"",5801"
"795,""quilpué"",""no"",""españa"",""mujer"",43,""2015"",5801"
"796,""quilpué"",""sí"",""colombia"",""hombre"",43,""2015"",5801"
"797,""quilpué"",""no"",""brasil"",""mujer"",59,""2015"",5801"
"798,""quinta normal"",""sí"",""nicaragua"",""mujer"",54,""2015"",13126"
"799,""quinta normal"",""no"",""república dominicana"",""mujer"",35,""2015"",13126"
"800,""quinta normal"",""no"",""ecuador"",""mujer"",73,""2015"",13126"
"801,""quinta normal"",""no"",""brasil"",""mujer"",35,""2015"",13126"
"802,""quinta normal"",""sí"",""república dominicana"",""hombre"",70,""2015"",13126"
"803,""quinta normal"",""sí"",""ecuador"",""mujer"",73,""2015"",13126"
"804,""quinta normal"",""sí"",""ecuador"",""hombre"",60,""2015"",13126"
"805,""quinta normal"",""sí"",""perú"",""mujer"",1223,""2015"",13126"
"806,""quinta normal"",""no"",""perú"",""hombre"",163,""2015"",13126"
"807,""quinta normal"",""no"",""perú"",""mujer"",48,""2015"",13126"
"808,""quinta normal"",""sí"",""perú"",""hombre"",859,""2015"",13126"
"809,""quinta normal"",""sí"",""república dominicana"",""mujer"",35,""2015"",13126"
"810,""rancagua"",""no"",""venezuela"",""hombre"",47,""2015"",6101"
"811,""rancagua"",""sí"",""colombia"",""hombre"",137,""2015"",6101"
"812,""rancagua"",""sí"",""paraguay"",""mujer"",80,""2015"",6101"
"813,""rancagua"",""sí"",""perú"",""mujer"",79,""2015"",6101"
"814,""rancagua"",""sí"",""argentina"",""hombre"",79,""2015"",6101"
"815,""rancagua"",""no"",""francia"",""mujer"",47,""2015"",6101"
"816,""rancagua"",""sí"",""ecuador"",""hombre"",77,""2015"",6101"
"817,""rancagua"",""no"",""argentina"",""hombre"",80,""2015"",6101"
"818,""rancagua"",""no"",""venezuela"",""mujer"",94,""2015"",6101"
"819,""rancagua"",""no"",""paraguay"",""mujer"",85,""2015"",6101"
"820,""recoleta"",""no"",""venezuela"",""mujer"",41,""2015"",13127"
"821,""recoleta"",""sí"",""colombia"",""hombre"",123,""2015"",13127"
"822,""recoleta"",""sí"",""haití"",""hombre"",332,""2015"",13127"
"823,""recoleta"",""sí"",""argentina"",""mujer"",78,""2015"",13127"
"824,""recoleta"",""sí"",""perú"",""mujer"",1959,""2015"",13127"
"825,""recoleta"",""no"",""perú"",""hombre"",1020,""2015"",13127"
"826,""recoleta"",""no"",""venezuela"",""hombre"",82,""2015"",13127"
"827,""recoleta"",""sí"",""colombia"",""mujer"",41,""2015"",13127"
"828,""recoleta"",""no"",""colombia"",""mujer"",41,""2015"",13127"
"829,""recoleta"",""sí"",""bolivia"",""hombre"",635,""2015"",13127"
"830,""recoleta"",""sí"",""argentina"",""hombre"",62,""2015"",13127"
"831,""recoleta"",""no"",""no contesta"",""mujer"",128,""2015"",13127"
"832,""recoleta"",""sí"",""no contesta"",""mujer"",128,""2015"",13127"
"833,""recoleta"",""no"",""israel"",""hombre"",72,""2015"",13127"
"834,""recoleta"",""sí"",""haití"",""mujer"",200,""2015"",13127"
"835,""recoleta"",""sí"",""perú"",""hombre"",3052,""2015"",13127"
"836,""recoleta"",""no"",""bolivia"",""mujer"",512,""2015"",13127"
"837,""recoleta"",""no"",""república dominicana"",""hombre"",39,""2015"",13127"
"838,""recoleta"",""sí"",""república dominicana"",""mujer"",290,""2015"",13127"
"839,""recoleta"",""sí"",""bolivia"",""mujer"",384,""2015"",13127"
"840,""recoleta"",""no"",""perú"",""mujer"",2183,""2015"",13127"
"841,""recoleta"",""sí"",""no contesta"",""hombre"",128,""2015"",13127"
"842,""renca"",""no"",""portugal"",""hombre"",126,""2015"",13128"
"843,""renca"",""no"",""perú"",""mujer"",273,""2015"",13128"
"844,""renca"",""sí"",""perú"",""mujer"",986,""2015"",13128"
"845,""renca"",""sí"",""colombia"",""mujer"",308,""2015"",13128"
"846,""renca"",""sí"",""perú"",""hombre"",1717,""2015"",13128"
"847,""renca"",""no"",""colombia"",""hombre"",187,""2015"",13128"
"848,""renca"",""no"",""perú"",""hombre"",114,""2015"",13128"
"849,""renca"",""sí"",""argentina"",""hombre"",304,""2015"",13128"
"850,""renca"",""sí"",""colombia"",""hombre"",242,""2015"",13128"
"851,""requínoa"",""no"",""francia"",""mujer"",10,""2015"",6116"
"852,""requínoa"",""sí"",""argentina"",""mujer"",14,""2015"",6116"
"853,""requínoa"",""sí"",""argentina"",""hombre"",14,""2015"",6116"
"854,""río negro"",""sí"",""angola"",""mujer"",24,""2015"",10305"
"855,""río negro"",""no"",""españa"",""mujer"",24,""2015"",10305"
"856,""san antonio"",""no"",""egipto"",""mujer"",33,""2015"",5601"
"857,""san antonio"",""no"",""israel"",""hombre"",33,""2015"",5601"
"858,""san antonio"",""sí"",""israel"",""mujer"",33,""2015"",5601"
"859,""san antonio"",""sí"",""méxico"",""mujer"",50,""2015"",5601"
"860,""san antonio"",""no"",""australia"",""mujer"",42,""2015"",5601"
"861,""san antonio"",""sí"",""bolivia"",""mujer"",15,""2015"",5601"
"862,""san bernardo"",""sí"",""ecuador"",""hombre"",220,""2015"",13401"
"863,""san bernardo"",""no"",""argentina"",""hombre"",220,""2015"",13401"
"864,""san bernardo"",""sí"",""ecuador"",""mujer"",220,""2015"",13401"
"865,""san bernardo"",""sí"",""haití"",""mujer"",160,""2015"",13401"
"866,""san bernardo"",""sí"",""haití"",""hombre"",320,""2015"",13401"
"867,""san bernardo"",""no"",""ecuador"",""mujer"",220,""2015"",13401"
"868,""san felipe"",""sí"",""haití"",""mujer"",25,""2015"",5701"
"869,""san felipe"",""no"",""estados unidos"",""hombre"",25,""2015"",5701"
"870,""san felipe"",""sí"",""ecuador"",""hombre"",88,""2015"",5701"
"871,""san felipe"",""no"",""argentina"",""mujer"",85,""2015"",5701"
"872,""san felipe"",""sí"",""venezuela"",""hombre"",29,""2015"",5701"
"873,""san felipe"",""no"",""perú"",""hombre"",57,""2015"",5701"
"874,""san felipe"",""sí"",""perú"",""hombre"",57,""2015"",5701"
"875,""san felipe"",""no"",""ecuador"",""mujer"",44,""2015"",5701"
"876,""san felipe"",""sí"",""perú"",""mujer"",50,""2015"",5701"
"877,""san felipe"",""no"",""reino unido"",""mujer"",45,""2015"",5701"
"878,""san felipe"",""sí"",""italia"",""hombre"",45,""2015"",5701"
"879,""san felipe"",""sí"",""argentina"",""mujer"",45,""2015"",5701"
"880,""san fernando"",""no"",""estados unidos"",""hombre"",62,""2015"",6301"
"881,""san fernando"",""no"",""perú"",""hombre"",52,""2015"",6301"
"882,""san fernando"",""sí"",""colombia"",""mujer"",48,""2015"",6301"
"883,""san fernando"",""sí"",""colombia"",""hombre"",86,""2015"",6301"
"884,""san fernando"",""sí"",""perú"",""mujer"",52,""2015"",6301"
"885,""san javier"",""no"",""argentina"",""mujer"",129,""2015"",7406"
"886,""san miguel"",""sí"",""perú"",""mujer"",291,""2015"",13130"
"887,""san miguel"",""no"",""siria"",""mujer"",12,""2015"",13130"
"888,""san miguel"",""sí"",""venezuela"",""hombre"",40,""2015"",13130"
"889,""san miguel"",""no"",""china"",""hombre"",25,""2015"",13130"
"890,""san miguel"",""no"",""república dominicana"",""mujer"",36,""2015"",13130"
"891,""san miguel"",""sí"",""australia"",""mujer"",28,""2015"",13130"
"892,""san miguel"",""no"",""suecia"",""mujer"",81,""2015"",13130"
"893,""san miguel"",""no"",""ecuador"",""hombre"",24,""2015"",13130"
"894,""san miguel"",""no"",""colombia"",""mujer"",81,""2015"",13130"
"895,""san miguel"",""no"",""españa"",""mujer"",86,""2015"",13130"
"896,""san miguel"",""sí"",""colombia"",""hombre"",192,""2015"",13130"
"897,""san miguel"",""no"",""perú"",""mujer"",255,""2015"",13130"
"898,""san miguel"",""sí"",""brasil"",""hombre"",163,""2015"",13130"
"899,""san miguel"",""sí"",""colombia"",""mujer"",40,""2015"",13130"
"900,""san miguel"",""sí"",""españa"",""mujer"",50,""2015"",13130"
"901,""san miguel"",""no"",""brasil"",""mujer"",81,""2015"",13130"
"902,""san miguel"",""sí"",""ecuador"",""mujer"",87,""2015"",13130"
"903,""san miguel"",""no"",""ecuador"",""mujer"",214,""2015"",13130"
"904,""san miguel"",""sí"",""argentina"",""mujer"",40,""2015"",13130"
"905,""san miguel"",""no"",""argentina"",""mujer"",74,""2015"",13130"
"906,""san miguel"",""no"",""australia"",""mujer"",25,""2015"",13130"
"907,""san miguel"",""no"",""perú"",""hombre"",24,""2015"",13130"
"908,""san miguel"",""no"",""méxico"",""mujer"",63,""2015"",13130"
"909,""san miguel"",""sí"",""bélgica"",""hombre"",23,""2015"",13130"
"910,""san miguel"",""sí"",""ecuador"",""hombre"",87,""2015"",13130"
"911,""san miguel"",""sí"",""perú"",""hombre"",542,""2015"",13130"
"912,""san pedro de la paz"",""no"",""ecuador"",""mujer"",61,""2015"",8108"
"913,""san pedro de la paz"",""sí"",""colombia"",""mujer"",61,""2015"",8108"
"914,""san vicente"",""sí"",""francia"",""hombre"",41,""2015"",6117"
"915,""santa cruz"",""sí"",""méxico"",""mujer"",51,""2015"",6310"
"916,""santa cruz"",""sí"",""alemania"",""mujer"",80,""2015"",6310"
"917,""santa cruz"",""sí"",""perú"",""hombre"",20,""2015"",6310"
"918,""santa cruz"",""no"",""perú"",""mujer"",20,""2015"",6310"
"919,""santa cruz"",""sí"",""reino unido"",""hombre"",51,""2015"",6310"
"920,""santiago"",""no"",""perú"",""mujer"",832,""2015"",13101"
"921,""santiago"",""sí"",""brasil"",""hombre"",614,""2015"",13101"
"922,""santiago"",""no"",""china"",""mujer"",37,""2015"",13101"
"923,""santiago"",""sí"",""perú"",""mujer"",2940,""2015"",13101"
"924,""santiago"",""sí"",""venezuela"",""mujer"",1089,""2015"",13101"
"925,""santiago"",""no"",""colombia"",""mujer"",1454,""2015"",13101"
"926,""santiago"",""no"",""venezuela"",""hombre"",63,""2015"",13101"
"927,""santiago"",""no"",""hungría"",""hombre"",50,""2015"",13101"
"928,""santiago"",""sí"",""india"",""hombre"",40,""2015"",13101"
"929,""santiago"",""sí"",""perú"",""hombre"",4697,""2015"",13101"
"930,""santiago"",""sí"",""australia"",""hombre"",500,""2015"",13101"
"931,""santiago"",""sí"",""argentina"",""mujer"",350,""2015"",13101"
"932,""santiago"",""no"",""reino unido"",""mujer"",95,""2015"",13101"
"933,""santiago"",""no"",""argentina"",""mujer"",40,""2015"",13101"
"934,""santiago"",""no"",""brasil"",""mujer"",50,""2015"",13101"
"935,""santiago"",""sí"",""canadá"",""mujer"",50,""2015"",13101"
"936,""santiago"",""no"",""perú"",""hombre"",745,""2015"",13101"
"937,""santiago"",""sí"",""estados unidos"",""mujer"",36,""2015"",13101"
"938,""santiago"",""sí"",""bolivia"",""hombre"",228,""2015"",13101"
"939,""santiago"",""sí"",""ecuador"",""mujer"",500,""2015"",13101"
"940,""santiago"",""no"",""ecuador"",""mujer"",757,""2015"",13101"
"941,""santiago"",""no"",""ecuador"",""hombre"",1000,""2015"",13101"
"942,""santiago"",""no"",""haití"",""mujer"",40,""2015"",13101"
"943,""santiago"",""no"",""república dominicana"",""mujer"",78,""2015"",13101"
"944,""santiago"",""sí"",""argentina"",""hombre"",282,""2015"",13101"
"945,""santiago"",""no"",""colombia"",""hombre"",699,""2015"",13101"
"946,""santiago"",""sí"",""cuba"",""hombre"",174,""2015"",13101"
"947,""santiago"",""sí"",""república dominicana"",""mujer"",471,""2015"",13101"
"948,""santiago"",""sí"",""república dominicana"",""hombre"",210,""2015"",13101"
"949,""santiago"",""sí"",""brasil"",""mujer"",125,""2015"",13101"
"950,""santiago"",""sí"",""china"",""mujer"",37,""2015"",13101"
"951,""santiago"",""sí"",""francia"",""mujer"",63,""2015"",13101"
"952,""santiago"",""sí"",""china"",""hombre"",185,""2015"",13101"
"953,""santiago"",""sí"",""bolivia"",""mujer"",70,""2015"",13101"
"954,""santiago"",""no"",""república dominicana"",""hombre"",32,""2015"",13101"
"955,""santiago"",""sí"",""venezuela"",""hombre"",1236,""2015"",13101"
"956,""santiago"",""sí"",""colombia"",""hombre"",2562,""2015"",13101"
"957,""santiago"",""no"",""uruguay"",""hombre"",141,""2015"",13101"
"958,""santiago"",""sí"",""colombia"",""mujer"",2238,""2015"",13101"
"959,""santiago"",""sí"",""ecuador"",""hombre"",1271,""2015"",13101"
"960,""santiago"",""no"",""venezuela"",""mujer"",63,""2015"",13101"
"961,""santiago"",""sí"",""haití"",""hombre"",196,""2015"",13101"
"962,""talagante"",""sí"",""haití"",""mujer"",138,""2015"",13601"
"963,""talagante"",""no"",""brasil"",""mujer"",96,""2015"",13601"
"964,""talca"",""sí"",""cuba"",""hombre"",165,""2015"",7101"
"965,""talca"",""no"",""españa"",""hombre"",54,""2015"",7101"
"966,""talca"",""no"",""argentina"",""mujer"",45,""2015"",7101"
"967,""talca"",""sí"",""china"",""hombre"",62,""2015"",7101"
"968,""temuco"",""sí"",""estados unidos"",""mujer"",269,""2015"",9101"
"969,""temuco"",""sí"",""uruguay"",""mujer"",89,""2015"",9101"
"970,""temuco"",""no"",""perú"",""hombre"",89,""2015"",9101"
"971,""temuco"",""sí"",""perú"",""mujer"",77,""2015"",9101"
"972,""temuco"",""no"",""italia"",""hombre"",153,""2015"",9101"
"973,""temuco"",""sí"",""argentina"",""hombre"",96,""2015"",9101"
"974,""temuco"",""no"",""argentina"",""mujer"",96,""2015"",9101"
"975,""temuco"",""sí"",""perú"",""hombre"",77,""2015"",9101"
"976,""temuco"",""sí"",""ecuador"",""mujer"",93,""2015"",9101"
"977,""temuco"",""no"",""ecuador"",""mujer"",93,""2015"",9101"
"978,""temuco"",""sí"",""brasil"",""hombre"",590,""2015"",9101"
"979,""temuco"",""no"",""italia"",""mujer"",153,""2015"",9101"
"980,""temuco"",""no"",""perú"",""mujer"",77,""2015"",9101"
"981,""temuco"",""no"",""argentina"",""hombre"",87,""2015"",9101"
"982,""temuco"",""sí"",""brasil"",""mujer"",590,""2015"",9101"
"983,""temuco"",""no"",""españa"",""hombre"",306,""2015"",9101"
"984,""temuco"",""sí"",""ecuador"",""hombre"",93,""2015"",9101"
"985,""temuco"",""sí"",""argentina"",""mujer"",187,""2015"",9101"
"986,""teno"",""sí"",""brasil"",""hombre"",39,""2015"",7308"
"987,""tocopilla"",""sí"",""colombia"",""hombre"",27,""2015"",2301"
"988,""tocopilla"",""sí"",""colombia"",""mujer"",2,""2015"",2301"
"989,""tocopilla"",""no"",""perú"",""mujer"",2,""2015"",2301"
"990,""tocopilla"",""sí"",""perú"",""hombre"",2,""2015"",2301"
"991,""tocopilla"",""no"",""colombia"",""mujer"",2,""2015"",2301"
"992,""valdivia"",""sí"",""reino unido"",""mujer"",44,""2015"",14101"
"993,""valdivia"",""sí"",""brasil"",""mujer"",132,""2015"",14101"
"994,""valdivia"",""sí"",""francia"",""hombre"",44,""2015"",14101"
"995,""valdivia"",""sí"",""argentina"",""hombre"",240,""2015"",14101"
"996,""valdivia"",""no"",""república checa"",""mujer"",59,""2015"",14101"
"997,""valdivia"",""sí"",""venezuela"",""hombre"",126,""2015"",14101"
"998,""valdivia"",""sí"",""nueva zelanda"",""hombre"",132,""2015"",14101"
"999,""valdivia"",""sí"",""argentina"",""mujer"",131,""2015"",14101"
"1000,""valdivia"",""no"",""colombia"",""mujer"",132,""2015"",14101"
"1001,""valdivia"",""no"",""argentina"",""hombre"",74,""2015"",14101"
"1002,""valdivia"",""sí"",""brasil"",""hombre"",132,""2015"",14101"
"1003,""valdivia"",""sí"",""polonia"",""mujer"",132,""2015"",14101"
"1004,""vallenar"",""no"",""costa rica"",""mujer"",32,""2015"",3301"
"1005,""vallenar"",""sí"",""colombia"",""hombre"",108,""2015"",3301"
"1006,""vallenar"",""no"",""colombia"",""mujer"",75,""2015"",3301"
"1007,""vallenar"",""sí"",""argentina"",""mujer"",13,""2015"",3301"
"1008,""vallenar"",""no"",""argentina"",""mujer"",51,""2015"",3301"
"1009,""valparaíso"",""sí"",""italia"",""mujer"",225,""2015"",5101"
"1010,""valparaíso"",""sí"",""argentina"",""mujer"",163,""2015"",5101"
"1011,""valparaíso"",""sí"",""argentina"",""hombre"",203,""2015"",5101"
"1012,""valparaíso"",""sí"",""brasil"",""mujer"",80,""2015"",5101"
"1013,""valparaíso"",""no"",""estados unidos"",""hombre"",40,""2015"",5101"
"1014,""valparaíso"",""no"",""colombia"",""mujer"",8,""2015"",5101"
"1015,""valparaíso"",""no"",""francia"",""mujer"",192,""2015"",5101"
"1016,""valparaíso"",""sí"",""perú"",""hombre"",182,""2015"",5101"
"1017,""valparaíso"",""no"",""bolivia"",""hombre"",81,""2015"",5101"
"1018,""valparaíso"",""sí"",""suecia"",""mujer"",80,""2015"",5101"
"1019,""valparaíso"",""sí"",""cuba"",""mujer"",63,""2015"",5101"
"1020,""valparaíso"",""sí"",""perú"",""mujer"",41,""2015"",5101"
"1021,""valparaíso"",""no"",""perú"",""mujer"",208,""2015"",5101"
"1022,""valparaíso"",""no"",""cuba"",""hombre"",85,""2015"",5101"
"1023,""valparaíso"",""no"",""costa rica"",""mujer"",246,""2015"",5101"
"1024,""valparaíso"",""sí"",""cuba"",""hombre"",63,""2015"",5101"
"1025,""valparaíso"",""sí"",""italia"",""hombre"",145,""2015"",5101"
"1026,""victoria"",""sí"",""paraguay"",""mujer"",26,""2015"",9211"
"1027,""victoria"",""sí"",""colombia"",""mujer"",15,""2015"",9211"
"1028,""vicuña"",""sí"",""bolivia"",""hombre"",65,""2015"",4106"
"1029,""vicuña"",""no"",""bolivia"",""mujer"",65,""2015"",4106"
"1030,""vicuña"",""sí"",""perú"",""hombre"",38,""2015"",4106"
"1031,""vicuña"",""no"",""perú"",""mujer"",38,""2015"",4106"
"1032,""vicuña"",""no"",""perú"",""hombre"",38,""2015"",4106"
"1033,""villa alemana"",""no"",""méxico"",""mujer"",129,""2015"",5804"
"1034,""villa alemana"",""sí"",""el salvador"",""hombre"",110,""2015"",5804"
"1035,""villa alemana"",""no"",""ecuador"",""mujer"",129,""2015"",5804"
"1036,""villa alemana"",""no"",""argentina"",""hombre"",139,""2015"",5804"
"1037,""villa alemana"",""sí"",""argentina"",""hombre"",53,""2015"",5804"
"1038,""villa alemana"",""sí"",""argentina"",""mujer"",94,""2015"",5804"
"1039,""villa alemana"",""no"",""estados unidos"",""hombre"",80,""2015"",5804"
"1040,""villa alemana"",""no"",""suecia"",""hombre"",104,""2015"",5804"
"1041,""villarrica"",""no"",""eslovaquia"",""hombre"",30,""2015"",9120"
"1042,""villarrica"",""no"",""colombia"",""mujer"",73,""2015"",9120"
"1043,""villarrica"",""sí"",""españa"",""mujer"",47,""2015"",9120"
"1044,""villarrica"",""sí"",""argentina"",""hombre"",39,""2015"",9120"
"1045,""villarrica"",""no"",""panamá"",""hombre"",22,""2015"",9120"
"1046,""villarrica"",""sí"",""perú"",""hombre"",18,""2015"",9120"
"1047,""villarrica"",""no"",""argentina"",""mujer"",64,""2015"",9120"
"1048,""villarrica"",""no"",""australia"",""hombre"",36,""2015"",9120"
"1049,""viña del mar"",""sí"",""españa"",""hombre"",181,""2015"",5109"
"1050,""viña del mar"",""sí"",""francia"",""hombre"",45,""2015"",5109"
"1051,""viña del mar"",""sí"",""perú"",""hombre"",269,""2015"",5109"
"1052,""viña del mar"",""sí"",""españa"",""mujer"",105,""2015"",5109"
"1053,""viña del mar"",""sí"",""argentina"",""mujer"",248,""2015"",5109"
"1054,""viña del mar"",""no"",""italia"",""mujer"",58,""2015"",5109"
"1055,""viña del mar"",""sí"",""italia"",""mujer"",58,""2015"",5109"
"1056,""viña del mar"",""sí"",""ecuador"",""mujer"",411,""2015"",5109"
"1057,""viña del mar"",""no"",""argentina"",""mujer"",97,""2015"",5109"
"1058,""viña del mar"",""sí"",""italia"",""hombre"",175,""2015"",5109"
"1059,""viña del mar"",""sí"",""colombia"",""hombre"",57,""2015"",5109"
"1060,""viña del mar"",""sí"",""argentina"",""hombre"",180,""2015"",5109"
"1061,""viña del mar"",""no"",""españa"",""hombre"",62,""2015"",5109"
"1062,""viña del mar"",""no"",""reino unido"",""mujer"",107,""2015"",5109"
"1063,""viña del mar"",""sí"",""colombia"",""mujer"",180,""2015"",5109"
"1064,""viña del mar"",""sí"",""perú"",""mujer"",165,""2015"",5109"
"1065,""viña del mar"",""sí"",""holanda"",""mujer"",45,""2015"",5109"
"1066,""viña del mar"",""sí"",""bolivia"",""hombre"",62,""2015"",5109"
"1067,""viña del mar"",""no"",""colombia"",""mujer"",132,""2015"",5109"
"1068,""viña del mar"",""no"",""ecuador"",""mujer"",54,""2015"",5109"
"1069,""viña del mar"",""sí"",""estados unidos"",""hombre"",106,""2015"",5109"
"1070,""viña del mar"",""no"",""argentina"",""hombre"",194,""2015"",5109"
